{"t0": -0.017081934764949208, "t1": 8359.44877072228}